"Date Printed: Monday, January 13, 2025 9:44:25 AM",,,,,,,,,,,,,,,,,,,,,,,,,,,,,,,,,,,,,,,,,,,,,,,,,,,,,,,,,,
"Title: ""HIV diagnoses | 2018 | 2019 | 2020 (COVID-19 Pandemic) | 2021 | 2022 | Alameda County", CA | Alpine County, CA | Amador County, CA | Butte County, CA | Calaveras County, CA | Colusa County, CA | Contra Costa County, CA | Del Norte County, CA | El Dorado County, CA | Fresno County, CA | Glenn County, CA | Humboldt County, CA | Imperial County, CA | Inyo County, CA | Kern County, CA | Kings County, CA | Lake County, CA | Lassen County, CA | Los Angeles County, CA | Madera County, CA | Marin County, CA | Mariposa County, CA | Mendocino County, CA | Merced County, CA | Modoc County, CA | Mono County, CA | Monterey County, CA | Napa County, CA | Nevada County, CA | Orange County, CA | Placer County, CA | Plumas County, CA | Riverside County, CA | Sacramento County, CA | San Benito County, CA | San Bernardino County, CA | San Diego County, CA | San Francisco County, CA | San Joaquin County, CA | San Luis Obispo County, CA | San Mateo County, CA | Santa Barbara County, CA | Santa Clara County, CA | Santa Cruz County, CA | Shasta County, CA | Sierra County, CA | Siskiyou County, CA | Solano County, CA | Sonoma County, CA | Stanislaus County, CA | Sutter County, CA | Tehama County, CA | Trinity County, CA | Tulare County, CA | Tuolumne County, CA | Ventura County, CA | Yolo County, CA | Yuba County,"CA | All races/ethnicities | Both sexes | Ages 13 years and older | All transmission categories"""
Footnote(s): Data for 2023 and 2024 are considered preliminary (subject to a 12-month reporting delay). Inclusion of preliminary data in trend assessments is discouraged. Numbers less than 12͵ and rates and percentages based on these numbers͵ should be interpreted with caution. HIV diagnoses and PrEP data for the year 2020͵ which coincided with the onset of the COVID-19 pandemic͵ should be interpreted with caution due to the impact of the pandemic on access to HIV testing͵ PrEP prescriptions͵ and care-related services. Data by transmission category presented based on sex assigned at birth and are adjusted for missing transmission category. See Technical notes for more details on data availability and stratifications.,,,,,,,,,,,,,,,,,,,,,,,,,,,,,,,,,,,,,,,,,,,,,,,,,,,,,,,,,,
   The 'Sex' column is used for either sex assigned at birth or gender identity.,,,,,,,,,,,,,,,,,,,,,,,,,,,,,,,,,,,,,,,,,,,,,,,,,,,,,,,,,,
   NA - Not applicable.,,,,,,,,,,,,,,,,,,,,,,,,,,,,,,,,,,,,,,,,,,,,,,,,,,,,,,,,,,
,,,,,,,,,,,,,,,,,,,,,,,,,,,,,,,,,,,,,,,,,,,,,,,,,,,,,,,,,,
,,,,,,,,,,,,,,,,,,,,,,,,,,,,,,,,,,,,,,,,,,,,,,,,,,,,,,,,,,
,,,,,,,,,,,,,,,,,,,,,,,,,,,,,,,,,,,,,,,,,,,,,,,,,,,,,,,,,,
Indicator,Year,Geography,FIPS,Cases,Rate per 100000,,,,,,,,,,,,,,,,,,,,,,,,,,,,,,,,,,,,,,,,,,,,,,,,,,,,,
HIV diagnoses,2022,"Alameda County, CA",6001,206,14.7,,,,,,,,,,,,,,,,,,,,,,,,,,,,,,,,,,,,,,,,,,,,,,,,,,,,,
HIV diagnoses,2022,"Alpine County, CA",6003,0,0.0,,,,,,,,,,,,,,,,,,,,,,,,,,,,,,,,,,,,,,,,,,,,,,,,,,,,,
HIV diagnoses,2022,"Amador County, CA",6005,Data suppressed,Data suppressed,,,,,,,,,,,,,,,,,,,,,,,,,,,,,,,,,,,,,,,,,,,,,,,,,,,,,
HIV diagnoses,2022,"Butte County, CA",6007,16,9.0,,,,,,,,,,,,,,,,,,,,,,,,,,,,,,,,,,,,,,,,,,,,,,,,,,,,,
HIV diagnoses,2022,"Calaveras County, CA",6009,0,0.0,,,,,,,,,,,,,,,,,,,,,,,,,,,,,,,,,,,,,,,,,,,,,,,,,,,,,
HIV diagnoses,2022,"Colusa County, CA",6011,Data suppressed,Data suppressed,,,,,,,,,,,,,,,,,,,,,,,,,,,,,,,,,,,,,,,,,,,,,,,,,,,,,
HIV diagnoses,2022,"Contra Costa County, CA",6013,119,12.1,,,,,,,,,,,,,,,,,,,,,,,,,,,,,,,,,,,,,,,,,,,,,,,,,,,,,
HIV diagnoses,2022,"Del Norte County, CA",6015,Data suppressed,Data suppressed,,,,,,,,,,,,,,,,,,,,,,,,,,,,,,,,,,,,,,,,,,,,,,,,,,,,,
HIV diagnoses,2022,"El Dorado County, CA",6017,6,3.6,,,,,,,,,,,,,,,,,,,,,,,,,,,,,,,,,,,,,,,,,,,,,,,,,,,,,
HIV diagnoses,2022,"Fresno County, CA",6019,170,20.8,,,,,,,,,,,,,,,,,,,,,,,,,,,,,,,,,,,,,,,,,,,,,,,,,,,,,
HIV diagnoses,2022,"Glenn County, CA",6021,0,0.0,,,,,,,,,,,,,,,,,,,,,,,,,,,,,,,,,,,,,,,,,,,,,,,,,,,,,
HIV diagnoses,2022,"Humboldt County, CA",6023,10,8.5,,,,,,,,,,,,,,,,,,,,,,,,,,,,,,,,,,,,,,,,,,,,,,,,,,,,,
HIV diagnoses,2022,"Imperial County, CA",6025,17,11.9,,,,,,,,,,,,,,,,,,,,,,,,,,,,,,,,,,,,,,,,,,,,,,,,,,,,,
HIV diagnoses,2022,"Inyo County, CA",6027,0,0.0,,,,,,,,,,,,,,,,,,,,,,,,,,,,,,,,,,,,,,,,,,,,,,,,,,,,,
HIV diagnoses,2022,"Kern County, CA",6029,203,27.7,,,,,,,,,,,,,,,,,,,,,,,,,,,,,,,,,,,,,,,,,,,,,,,,,,,,,
HIV diagnoses,2022,"Kings County, CA",6031,11,8.9,,,,,,,,,,,,,,,,,,,,,,,,,,,,,,,,,,,,,,,,,,,,,,,,,,,,,
HIV diagnoses,2022,"Lake County, CA",6033,Data suppressed,Data suppressed,,,,,,,,,,,,,,,,,,,,,,,,,,,,,,,,,,,,,,,,,,,,,,,,,,,,,
HIV diagnoses,2022,"Lassen County, CA",6035,Data suppressed,Data suppressed,,,,,,,,,,,,,,,,,,,,,,,,,,,,,,,,,,,,,,,,,,,,,,,,,,,,,
HIV diagnoses,2022,"Los Angeles County, CA",6037,"1,600",19.2,,,,,,,,,,,,,,,,,,,,,,,,,,,,,,,,,,,,,,,,,,,,,,,,,,,,,
HIV diagnoses,2022,"Madera County, CA",6039,17,13.1,,,,,,,,,,,,,,,,,,,,,,,,,,,,,,,,,,,,,,,,,,,,,,,,,,,,,
HIV diagnoses,2022,"Marin County, CA",6041,18,8.0,,,,,,,,,,,,,,,,,,,,,,,,,,,,,,,,,,,,,,,,,,,,,,,,,,,,,
HIV diagnoses,2022,"Mariposa County, CA",6043,0,0.0,,,,,,,,,,,,,,,,,,,,,,,,,,,,,,,,,,,,,,,,,,,,,,,,,,,,,
HIV diagnoses,2022,"Mendocino County, CA",6045,Data suppressed,Data suppressed,,,,,,,,,,,,,,,,,,,,,,,,,,,,,,,,,,,,,,,,,,,,,,,,,,,,,
HIV diagnoses,2022,"Merced County, CA",6047,24,10.3,,,,,,,,,,,,,,,,,,,,,,,,,,,,,,,,,,,,,,,,,,,,,,,,,,,,,
HIV diagnoses,2022,"Modoc County, CA",6049,0,0.0,,,,,,,,,,,,,,,,,,,,,,,,,,,,,,,,,,,,,,,,,,,,,,,,,,,,,
HIV diagnoses,2022,"Mono County, CA",6051,Data suppressed,Data suppressed,,,,,,,,,,,,,,,,,,,,,,,,,,,,,,,,,,,,,,,,,,,,,,,,,,,,,
HIV diagnoses,2022,"Monterey County, CA",6053,26,7.3,,,,,,,,,,,,,,,,,,,,,,,,,,,,,,,,,,,,,,,,,,,,,,,,,,,,,
HIV diagnoses,2022,"Napa County, CA",6055,16,13.7,,,,,,,,,,,,,,,,,,,,,,,,,,,,,,,,,,,,,,,,,,,,,,,,,,,,,
HIV diagnoses,2022,"Nevada County, CA",6057,Data suppressed,Data suppressed,,,,,,,,,,,,,,,,,,,,,,,,,,,,,,,,,,,,,,,,,,,,,,,,,,,,,
HIV diagnoses,2022,"Orange County, CA",6059,257,9.5,,,,,,,,,,,,,,,,,,,,,,,,,,,,,,,,,,,,,,,,,,,,,,,,,,,,,
HIV diagnoses,2022,"Placer County, CA",6061,8,2.2,,,,,,,,,,,,,,,,,,,,,,,,,,,,,,,,,,,,,,,,,,,,,,,,,,,,,
HIV diagnoses,2022,"Plumas County, CA",6063,0,0.0,,,,,,,,,,,,,,,,,,,,,,,,,,,,,,,,,,,,,,,,,,,,,,,,,,,,,
HIV diagnoses,2022,"Riverside County, CA",6065,320,15.5,,,,,,,,,,,,,,,,,,,,,,,,,,,,,,,,,,,,,,,,,,,,,,,,,,,,,
HIV diagnoses,2022,"Sacramento County, CA",6067,194,14.6,,,,,,,,,,,,,,,,,,,,,,,,,,,,,,,,,,,,,,,,,,,,,,,,,,,,,
HIV diagnoses,2022,"San Benito County, CA",6069,Data suppressed,Data suppressed,,,,,,,,,,,,,,,,,,,,,,,,,,,,,,,,,,,,,,,,,,,,,,,,,,,,,
HIV diagnoses,2022,"San Bernardino County, CA",6071,288,16.0,,,,,,,,,,,,,,,,,,,,,,,,,,,,,,,,,,,,,,,,,,,,,,,,,,,,,
HIV diagnoses,2022,"San Diego County, CA",6073,402,14.4,,,,,,,,,,,,,,,,,,,,,,,,,,,,,,,,,,,,,,,,,,,,,,,,,,,,,
HIV diagnoses,2022,"San Francisco County, CA",6075,214,29.4,,,,,,,,,,,,,,,,,,,,,,,,,,,,,,,,,,,,,,,,,,,,,,,,,,,,,
HIV diagnoses,2022,"San Joaquin County, CA",6077,100,15.4,,,,,,,,,,,,,,,,,,,,,,,,,,,,,,,,,,,,,,,,,,,,,,,,,,,,,
HIV diagnoses,2022,"San Luis Obispo County, CA",6079,12,4.8,,,,,,,,,,,,,,,,,,,,,,,,,,,,,,,,,,,,,,,,,,,,,,,,,,,,,
HIV diagnoses,2022,"San Mateo County, CA",6081,64,10.1,,,,,,,,,,,,,,,,,,,,,,,,,,,,,,,,,,,,,,,,,,,,,,,,,,,,,
HIV diagnoses,2022,"Santa Barbara County, CA",6083,31,8.3,,,,,,,,,,,,,,,,,,,,,,,,,,,,,,,,,,,,,,,,,,,,,,,,,,,,,
HIV diagnoses,2022,"Santa Clara County, CA",6085,161,10.0,,,,,,,,,,,,,,,,,,,,,,,,,,,,,,,,,,,,,,,,,,,,,,,,,,,,,
HIV diagnoses,2022,"Santa Cruz County, CA",6087,19,8.2,,,,,,,,,,,,,,,,,,,,,,,,,,,,,,,,,,,,,,,,,,,,,,,,,,,,,
HIV diagnoses,2022,"Shasta County, CA",6089,Data suppressed,Data suppressed,,,,,,,,,,,,,,,,,,,,,,,,,,,,,,,,,,,,,,,,,,,,,,,,,,,,,
HIV diagnoses,2022,"Sierra County, CA",6091,0,0.0,,,,,,,,,,,,,,,,,,,,,,,,,,,,,,,,,,,,,,,,,,,,,,,,,,,,,
HIV diagnoses,2022,"Siskiyou County, CA",6093,Data suppressed,Data suppressed,,,,,,,,,,,,,,,,,,,,,,,,,,,,,,,,,,,,,,,,,,,,,,,,,,,,,
HIV diagnoses,2022,"Solano County, CA",6095,70,18.4,,,,,,,,,,,,,,,,,,,,,,,,,,,,,,,,,,,,,,,,,,,,,,,,,,,,,
HIV diagnoses,2022,"Sonoma County, CA",6097,41,9.7,,,,,,,,,,,,,,,,,,,,,,,,,,,,,,,,,,,,,,,,,,,,,,,,,,,,,
HIV diagnoses,2022,"Stanislaus County, CA",6099,56,12.5,,,,,,,,,,,,,,,,,,,,,,,,,,,,,,,,,,,,,,,,,,,,,,,,,,,,,
HIV diagnoses,2022,"Sutter County, CA",6101,Data suppressed,Data suppressed,,,,,,,,,,,,,,,,,,,,,,,,,,,,,,,,,,,,,,,,,,,,,,,,,,,,,
HIV diagnoses,2022,"Tehama County, CA",6103,Data suppressed,Data suppressed,,,,,,,,,,,,,,,,,,,,,,,,,,,,,,,,,,,,,,,,,,,,,,,,,,,,,
HIV diagnoses,2022,"Trinity County, CA",6105,Data suppressed,Data suppressed,,,,,,,,,,,,,,,,,,,,,,,,,,,,,,,,,,,,,,,,,,,,,,,,,,,,,
HIV diagnoses,2022,"Tulare County, CA",6107,44,11.6,,,,,,,,,,,,,,,,,,,,,,,,,,,,,,,,,,,,,,,,,,,,,,,,,,,,,
HIV diagnoses,2022,"Tuolumne County, CA",6109,Data suppressed,Data suppressed,,,,,,,,,,,,,,,,,,,,,,,,,,,,,,,,,,,,,,,,,,,,,,,,,,,,,
HIV diagnoses,2022,"Ventura County, CA",6111,55,7.8,,,,,,,,,,,,,,,,,,,,,,,,,,,,,,,,,,,,,,,,,,,,,,,,,,,,,
HIV diagnoses,2022,"Yolo County, CA",6113,13,6.8,,,,,,,,,,,,,,,,,,,,,,,,,,,,,,,,,,,,,,,,,,,,,,,,,,,,,
HIV diagnoses,2022,"Yuba County, CA",6115,Data suppressed,Data suppressed,,,,,,,,,,,,,,,,,,,,,,,,,,,,,,,,,,,,,,,,,,,,,,,,,,,,,
HIV diagnoses,2021,"Alameda County, CA",6001,188,13.3,,,,,,,,,,,,,,,,,,,,,,,,,,,,,,,,,,,,,,,,,,,,,,,,,,,,,
HIV diagnoses,2021,"Alpine County, CA",6003,0,0.0,,,,,,,,,,,,,,,,,,,,,,,,,,,,,,,,,,,,,,,,,,,,,,,,,,,,,
HIV diagnoses,2021,"Amador County, CA",6005,0,0.0,,,,,,,,,,,,,,,,,,,,,,,,,,,,,,,,,,,,,,,,,,,,,,,,,,,,,
HIV diagnoses,2021,"Butte County, CA",6007,12,6.8,,,,,,,,,,,,,,,,,,,,,,,,,,,,,,,,,,,,,,,,,,,,,,,,,,,,,
HIV diagnoses,2021,"Calaveras County, CA",6009,Data suppressed,Data suppressed,,,,,,,,,,,,,,,,,,,,,,,,,,,,,,,,,,,,,,,,,,,,,,,,,,,,,
HIV diagnoses,2021,"Colusa County, CA",6011,Data suppressed,Data suppressed,,,,,,,,,,,,,,,,,,,,,,,,,,,,,,,,,,,,,,,,,,,,,,,,,,,,,
HIV diagnoses,2021,"Contra Costa County, CA",6013,109,11.0,,,,,,,,,,,,,,,,,,,,,,,,,,,,,,,,,,,,,,,,,,,,,,,,,,,,,
HIV diagnoses,2021,"Del Norte County, CA",6015,Data suppressed,Data suppressed,,,,,,,,,,,,,,,,,,,,,,,,,,,,,,,,,,,,,,,,,,,,,,,,,,,,,
HIV diagnoses,2021,"El Dorado County, CA",6017,8,4.8,,,,,,,,,,,,,,,,,,,,,,,,,,,,,,,,,,,,,,,,,,,,,,,,,,,,,
HIV diagnoses,2021,"Fresno County, CA",6019,149,18.3,,,,,,,,,,,,,,,,,,,,,,,,,,,,,,,,,,,,,,,,,,,,,,,,,,,,,
HIV diagnoses,2021,"Glenn County, CA",6021,0,0.0,,,,,,,,,,,,,,,,,,,,,,,,,,,,,,,,,,,,,,,,,,,,,,,,,,,,,
HIV diagnoses,2021,"Humboldt County, CA",6023,8,6.8,,,,,,,,,,,,,,,,,,,,,,,,,,,,,,,,,,,,,,,,,,,,,,,,,,,,,
HIV diagnoses,2021,"Imperial County, CA",6025,22,15.4,,,,,,,,,,,,,,,,,,,,,,,,,,,,,,,,,,,,,,,,,,,,,,,,,,,,,
HIV diagnoses,2021,"Inyo County, CA",6027,Data suppressed,Data suppressed,,,,,,,,,,,,,,,,,,,,,,,,,,,,,,,,,,,,,,,,,,,,,,,,,,,,,
HIV diagnoses,2021,"Kern County, CA",6029,183,25.1,,,,,,,,,,,,,,,,,,,,,,,,,,,,,,,,,,,,,,,,,,,,,,,,,,,,,
HIV diagnoses,2021,"Kings County, CA",6031,10,8.1,,,,,,,,,,,,,,,,,,,,,,,,,,,,,,,,,,,,,,,,,,,,,,,,,,,,,
HIV diagnoses,2021,"Lake County, CA",6033,Data suppressed,Data suppressed,,,,,,,,,,,,,,,,,,,,,,,,,,,,,,,,,,,,,,,,,,,,,,,,,,,,,
HIV diagnoses,2021,"Lassen County, CA",6035,Data suppressed,Data suppressed,,,,,,,,,,,,,,,,,,,,,,,,,,,,,,,,,,,,,,,,,,,,,,,,,,,,,
HIV diagnoses,2021,"Los Angeles County, CA",6037,"1,526",18.2,,,,,,,,,,,,,,,,,,,,,,,,,,,,,,,,,,,,,,,,,,,,,,,,,,,,,
HIV diagnoses,2021,"Madera County, CA",6039,13,10.1,,,,,,,,,,,,,,,,,,,,,,,,,,,,,,,,,,,,,,,,,,,,,,,,,,,,,
HIV diagnoses,2021,"Marin County, CA",6041,11,4.9,,,,,,,,,,,,,,,,,,,,,,,,,,,,,,,,,,,,,,,,,,,,,,,,,,,,,
HIV diagnoses,2021,"Mariposa County, CA",6043,0,0.0,,,,,,,,,,,,,,,,,,,,,,,,,,,,,,,,,,,,,,,,,,,,,,,,,,,,,
HIV diagnoses,2021,"Mendocino County, CA",6045,Data suppressed,Data suppressed,,,,,,,,,,,,,,,,,,,,,,,,,,,,,,,,,,,,,,,,,,,,,,,,,,,,,
HIV diagnoses,2021,"Merced County, CA",6047,39,17.2,,,,,,,,,,,,,,,,,,,,,,,,,,,,,,,,,,,,,,,,,,,,,,,,,,,,,
HIV diagnoses,2021,"Modoc County, CA",6049,0,0.0,,,,,,,,,,,,,,,,,,,,,,,,,,,,,,,,,,,,,,,,,,,,,,,,,,,,,
HIV diagnoses,2021,"Mono County, CA",6051,0,0.0,,,,,,,,,,,,,,,,,,,,,,,,,,,,,,,,,,,,,,,,,,,,,,,,,,,,,
HIV diagnoses,2021,"Monterey County, CA",6053,37,10.3,,,,,,,,,,,,,,,,,,,,,,,,,,,,,,,,,,,,,,,,,,,,,,,,,,,,,
HIV diagnoses,2021,"Napa County, CA",6055,11,9.3,,,,,,,,,,,,,,,,,,,,,,,,,,,,,,,,,,,,,,,,,,,,,,,,,,,,,
HIV diagnoses,2021,"Nevada County, CA",6057,Data suppressed,Data suppressed,,,,,,,,,,,,,,,,,,,,,,,,,,,,,,,,,,,,,,,,,,,,,,,,,,,,,
HIV diagnoses,2021,"Orange County, CA",6059,267,9.9,,,,,,,,,,,,,,,,,,,,,,,,,,,,,,,,,,,,,,,,,,,,,,,,,,,,,
HIV diagnoses,2021,"Placer County, CA",6061,14,4.0,,,,,,,,,,,,,,,,,,,,,,,,,,,,,,,,,,,,,,,,,,,,,,,,,,,,,
HIV diagnoses,2021,"Plumas County, CA",6063,Data suppressed,Data suppressed,,,,,,,,,,,,,,,,,,,,,,,,,,,,,,,,,,,,,,,,,,,,,,,,,,,,,
HIV diagnoses,2021,"Riverside County, CA",6065,272,13.3,,,,,,,,,,,,,,,,,,,,,,,,,,,,,,,,,,,,,,,,,,,,,,,,,,,,,
HIV diagnoses,2021,"Sacramento County, CA",6067,184,13.8,,,,,,,,,,,,,,,,,,,,,,,,,,,,,,,,,,,,,,,,,,,,,,,,,,,,,
HIV diagnoses,2021,"San Benito County, CA",6069,Data suppressed,Data suppressed,,,,,,,,,,,,,,,,,,,,,,,,,,,,,,,,,,,,,,,,,,,,,,,,,,,,,
HIV diagnoses,2021,"San Bernardino County, CA",6071,299,16.6,,,,,,,,,,,,,,,,,,,,,,,,,,,,,,,,,,,,,,,,,,,,,,,,,,,,,
HIV diagnoses,2021,"San Diego County, CA",6073,391,14.1,,,,,,,,,,,,,,,,,,,,,,,,,,,,,,,,,,,,,,,,,,,,,,,,,,,,,
HIV diagnoses,2021,"San Francisco County, CA",6075,191,26.2,,,,,,,,,,,,,,,,,,,,,,,,,,,,,,,,,,,,,,,,,,,,,,,,,,,,,
HIV diagnoses,2021,"San Joaquin County, CA",6077,100,15.6,,,,,,,,,,,,,,,,,,,,,,,,,,,,,,,,,,,,,,,,,,,,,,,,,,,,,
HIV diagnoses,2021,"San Luis Obispo County, CA",6079,10,4.1,,,,,,,,,,,,,,,,,,,,,,,,,,,,,,,,,,,,,,,,,,,,,,,,,,,,,
HIV diagnoses,2021,"San Mateo County, CA",6081,49,7.7,,,,,,,,,,,,,,,,,,,,,,,,,,,,,,,,,,,,,,,,,,,,,,,,,,,,,
HIV diagnoses,2021,"Santa Barbara County, CA",6083,27,7.3,,,,,,,,,,,,,,,,,,,,,,,,,,,,,,,,,,,,,,,,,,,,,,,,,,,,,
HIV diagnoses,2021,"Santa Clara County, CA",6085,129,8.0,,,,,,,,,,,,,,,,,,,,,,,,,,,,,,,,,,,,,,,,,,,,,,,,,,,,,
HIV diagnoses,2021,"Santa Cruz County, CA",6087,20,8.8,,,,,,,,,,,,,,,,,,,,,,,,,,,,,,,,,,,,,,,,,,,,,,,,,,,,,
HIV diagnoses,2021,"Shasta County, CA",6089,Data suppressed,Data suppressed,,,,,,,,,,,,,,,,,,,,,,,,,,,,,,,,,,,,,,,,,,,,,,,,,,,,,
HIV diagnoses,2021,"Sierra County, CA",6091,Data suppressed,Data suppressed,,,,,,,,,,,,,,,,,,,,,,,,,,,,,,,,,,,,,,,,,,,,,,,,,,,,,
HIV diagnoses,2021,"Siskiyou County, CA",6093,0,0.0,,,,,,,,,,,,,,,,,,,,,,,,,,,,,,,,,,,,,,,,,,,,,,,,,,,,,
HIV diagnoses,2021,"Solano County, CA",6095,43,11.3,,,,,,,,,,,,,,,,,,,,,,,,,,,,,,,,,,,,,,,,,,,,,,,,,,,,,
HIV diagnoses,2021,"Sonoma County, CA",6097,29,6.9,,,,,,,,,,,,,,,,,,,,,,,,,,,,,,,,,,,,,,,,,,,,,,,,,,,,,
HIV diagnoses,2021,"Stanislaus County, CA",6099,47,10.5,,,,,,,,,,,,,,,,,,,,,,,,,,,,,,,,,,,,,,,,,,,,,,,,,,,,,
HIV diagnoses,2021,"Sutter County, CA",6101,Data suppressed,Data suppressed,,,,,,,,,,,,,,,,,,,,,,,,,,,,,,,,,,,,,,,,,,,,,,,,,,,,,
HIV diagnoses,2021,"Tehama County, CA",6103,Data suppressed,Data suppressed,,,,,,,,,,,,,,,,,,,,,,,,,,,,,,,,,,,,,,,,,,,,,,,,,,,,,
HIV diagnoses,2021,"Trinity County, CA",6105,0,0.0,,,,,,,,,,,,,,,,,,,,,,,,,,,,,,,,,,,,,,,,,,,,,,,,,,,,,
HIV diagnoses,2021,"Tulare County, CA",6107,39,10.3,,,,,,,,,,,,,,,,,,,,,,,,,,,,,,,,,,,,,,,,,,,,,,,,,,,,,
HIV diagnoses,2021,"Tuolumne County, CA",6109,Data suppressed,Data suppressed,,,,,,,,,,,,,,,,,,,,,,,,,,,,,,,,,,,,,,,,,,,,,,,,,,,,,
HIV diagnoses,2021,"Ventura County, CA",6111,48,6.7,,,,,,,,,,,,,,,,,,,,,,,,,,,,,,,,,,,,,,,,,,,,,,,,,,,,,
HIV diagnoses,2021,"Yolo County, CA",6113,13,7.1,,,,,,,,,,,,,,,,,,,,,,,,,,,,,,,,,,,,,,,,,,,,,,,,,,,,,
HIV diagnoses,2021,"Yuba County, CA",6115,Data suppressed,Data suppressed,,,,,,,,,,,,,,,,,,,,,,,,,,,,,,,,,,,,,,,,,,,,,,,,,,,,,
HIV diagnoses,2020 (COVID-19 Pandemic),"Alameda County, CA",6001,162,11.3,,,,,,,,,,,,,,,,,,,,,,,,,,,,,,,,,,,,,,,,,,,,,,,,,,,,,
HIV diagnoses,2020 (COVID-19 Pandemic),"Alpine County, CA",6003,0,0.0,,,,,,,,,,,,,,,,,,,,,,,,,,,,,,,,,,,,,,,,,,,,,,,,,,,,,
HIV diagnoses,2020 (COVID-19 Pandemic),"Amador County, CA",6005,Data suppressed,Data suppressed,,,,,,,,,,,,,,,,,,,,,,,,,,,,,,,,,,,,,,,,,,,,,,,,,,,,,
HIV diagnoses,2020 (COVID-19 Pandemic),"Butte County, CA",6007,12,6.7,,,,,,,,,,,,,,,,,,,,,,,,,,,,,,,,,,,,,,,,,,,,,,,,,,,,,
HIV diagnoses,2020 (COVID-19 Pandemic),"Calaveras County, CA",6009,Data suppressed,Data suppressed,,,,,,,,,,,,,,,,,,,,,,,,,,,,,,,,,,,,,,,,,,,,,,,,,,,,,
HIV diagnoses,2020 (COVID-19 Pandemic),"Colusa County, CA",6011,Data suppressed,Data suppressed,,,,,,,,,,,,,,,,,,,,,,,,,,,,,,,,,,,,,,,,,,,,,,,,,,,,,
HIV diagnoses,2020 (COVID-19 Pandemic),"Contra Costa County, CA",6013,75,7.6,,,,,,,,,,,,,,,,,,,,,,,,,,,,,,,,,,,,,,,,,,,,,,,,,,,,,
HIV diagnoses,2020 (COVID-19 Pandemic),"Del Norte County, CA",6015,0,0.0,,,,,,,,,,,,,,,,,,,,,,,,,,,,,,,,,,,,,,,,,,,,,,,,,,,,,
HIV diagnoses,2020 (COVID-19 Pandemic),"El Dorado County, CA",6017,6,3.6,,,,,,,,,,,,,,,,,,,,,,,,,,,,,,,,,,,,,,,,,,,,,,,,,,,,,
HIV diagnoses,2020 (COVID-19 Pandemic),"Fresno County, CA",6019,128,15.9,,,,,,,,,,,,,,,,,,,,,,,,,,,,,,,,,,,,,,,,,,,,,,,,,,,,,
HIV diagnoses,2020 (COVID-19 Pandemic),"Glenn County, CA",6021,0,0.0,,,,,,,,,,,,,,,,,,,,,,,,,,,,,,,,,,,,,,,,,,,,,,,,,,,,,
HIV diagnoses,2020 (COVID-19 Pandemic),"Humboldt County, CA",6023,5,4.2,,,,,,,,,,,,,,,,,,,,,,,,,,,,,,,,,,,,,,,,,,,,,,,,,,,,,
HIV diagnoses,2020 (COVID-19 Pandemic),"Imperial County, CA",6025,26,18.2,,,,,,,,,,,,,,,,,,,,,,,,,,,,,,,,,,,,,,,,,,,,,,,,,,,,,
HIV diagnoses,2020 (COVID-19 Pandemic),"Inyo County, CA",6027,Data suppressed,Data suppressed,,,,,,,,,,,,,,,,,,,,,,,,,,,,,,,,,,,,,,,,,,,,,,,,,,,,,
HIV diagnoses,2020 (COVID-19 Pandemic),"Kern County, CA",6029,162,22.5,,,,,,,,,,,,,,,,,,,,,,,,,,,,,,,,,,,,,,,,,,,,,,,,,,,,,
HIV diagnoses,2020 (COVID-19 Pandemic),"Kings County, CA",6031,8,6.5,,,,,,,,,,,,,,,,,,,,,,,,,,,,,,,,,,,,,,,,,,,,,,,,,,,,,
HIV diagnoses,2020 (COVID-19 Pandemic),"Lake County, CA",6033,Data suppressed,Data suppressed,,,,,,,,,,,,,,,,,,,,,,,,,,,,,,,,,,,,,,,,,,,,,,,,,,,,,
HIV diagnoses,2020 (COVID-19 Pandemic),"Lassen County, CA",6035,0,0.0,,,,,,,,,,,,,,,,,,,,,,,,,,,,,,,,,,,,,,,,,,,,,,,,,,,,,
HIV diagnoses,2020 (COVID-19 Pandemic),"Los Angeles County, CA",6037,"1,437",16.9,,,,,,,,,,,,,,,,,,,,,,,,,,,,,,,,,,,,,,,,,,,,,,,,,,,,,
HIV diagnoses,2020 (COVID-19 Pandemic),"Madera County, CA",6039,9,7.2,,,,,,,,,,,,,,,,,,,,,,,,,,,,,,,,,,,,,,,,,,,,,,,,,,,,,
HIV diagnoses,2020 (COVID-19 Pandemic),"Marin County, CA",6041,14,6.2,,,,,,,,,,,,,,,,,,,,,,,,,,,,,,,,,,,,,,,,,,,,,,,,,,,,,
HIV diagnoses,2020 (COVID-19 Pandemic),"Mariposa County, CA",6043,Data suppressed,Data suppressed,,,,,,,,,,,,,,,,,,,,,,,,,,,,,,,,,,,,,,,,,,,,,,,,,,,,,
HIV diagnoses,2020 (COVID-19 Pandemic),"Mendocino County, CA",6045,5,6.4,,,,,,,,,,,,,,,,,,,,,,,,,,,,,,,,,,,,,,,,,,,,,,,,,,,,,
HIV diagnoses,2020 (COVID-19 Pandemic),"Merced County, CA",6047,31,13.8,,,,,,,,,,,,,,,,,,,,,,,,,,,,,,,,,,,,,,,,,,,,,,,,,,,,,
HIV diagnoses,2020 (COVID-19 Pandemic),"Modoc County, CA",6049,0,0.0,,,,,,,,,,,,,,,,,,,,,,,,,,,,,,,,,,,,,,,,,,,,,,,,,,,,,
HIV diagnoses,2020 (COVID-19 Pandemic),"Mono County, CA",6051,0,0.0,,,,,,,,,,,,,,,,,,,,,,,,,,,,,,,,,,,,,,,,,,,,,,,,,,,,,
HIV diagnoses,2020 (COVID-19 Pandemic),"Monterey County, CA",6053,29,8.1,,,,,,,,,,,,,,,,,,,,,,,,,,,,,,,,,,,,,,,,,,,,,,,,,,,,,
HIV diagnoses,2020 (COVID-19 Pandemic),"Napa County, CA",6055,6,5.0,,,,,,,,,,,,,,,,,,,,,,,,,,,,,,,,,,,,,,,,,,,,,,,,,,,,,
HIV diagnoses,2020 (COVID-19 Pandemic),"Nevada County, CA",6057,Data suppressed,Data suppressed,,,,,,,,,,,,,,,,,,,,,,,,,,,,,,,,,,,,,,,,,,,,,,,,,,,,,
HIV diagnoses,2020 (COVID-19 Pandemic),"Orange County, CA",6059,265,9.8,,,,,,,,,,,,,,,,,,,,,,,,,,,,,,,,,,,,,,,,,,,,,,,,,,,,,
HIV diagnoses,2020 (COVID-19 Pandemic),"Placer County, CA",6061,16,4.6,,,,,,,,,,,,,,,,,,,,,,,,,,,,,,,,,,,,,,,,,,,,,,,,,,,,,
HIV diagnoses,2020 (COVID-19 Pandemic),"Plumas County, CA",6063,Data suppressed,Data suppressed,,,,,,,,,,,,,,,,,,,,,,,,,,,,,,,,,,,,,,,,,,,,,,,,,,,,,
HIV diagnoses,2020 (COVID-19 Pandemic),"Riverside County, CA",6065,237,11.8,,,,,,,,,,,,,,,,,,,,,,,,,,,,,,,,,,,,,,,,,,,,,,,,,,,,,
HIV diagnoses,2020 (COVID-19 Pandemic),"Sacramento County, CA",6067,158,11.9,,,,,,,,,,,,,,,,,,,,,,,,,,,,,,,,,,,,,,,,,,,,,,,,,,,,,
HIV diagnoses,2020 (COVID-19 Pandemic),"San Benito County, CA",6069,5,9.4,,,,,,,,,,,,,,,,,,,,,,,,,,,,,,,,,,,,,,,,,,,,,,,,,,,,,
HIV diagnoses,2020 (COVID-19 Pandemic),"San Bernardino County, CA",6071,265,14.9,,,,,,,,,,,,,,,,,,,,,,,,,,,,,,,,,,,,,,,,,,,,,,,,,,,,,
HIV diagnoses,2020 (COVID-19 Pandemic),"San Diego County, CA",6073,330,11.8,,,,,,,,,,,,,,,,,,,,,,,,,,,,,,,,,,,,,,,,,,,,,,,,,,,,,
HIV diagnoses,2020 (COVID-19 Pandemic),"San Francisco County, CA",6075,157,20.1,,,,,,,,,,,,,,,,,,,,,,,,,,,,,,,,,,,,,,,,,,,,,,,,,,,,,
HIV diagnoses,2020 (COVID-19 Pandemic),"San Joaquin County, CA",6077,84,13.2,,,,,,,,,,,,,,,,,,,,,,,,,,,,,,,,,,,,,,,,,,,,,,,,,,,,,
HIV diagnoses,2020 (COVID-19 Pandemic),"San Luis Obispo County, CA",6079,10,4.0,,,,,,,,,,,,,,,,,,,,,,,,,,,,,,,,,,,,,,,,,,,,,,,,,,,,,
HIV diagnoses,2020 (COVID-19 Pandemic),"San Mateo County, CA",6081,46,7.0,,,,,,,,,,,,,,,,,,,,,,,,,,,,,,,,,,,,,,,,,,,,,,,,,,,,,
HIV diagnoses,2020 (COVID-19 Pandemic),"Santa Barbara County, CA",6083,25,6.6,,,,,,,,,,,,,,,,,,,,,,,,,,,,,,,,,,,,,,,,,,,,,,,,,,,,,
HIV diagnoses,2020 (COVID-19 Pandemic),"Santa Clara County, CA",6085,115,7.0,,,,,,,,,,,,,,,,,,,,,,,,,,,,,,,,,,,,,,,,,,,,,,,,,,,,,
HIV diagnoses,2020 (COVID-19 Pandemic),"Santa Cruz County, CA",6087,16,6.8,,,,,,,,,,,,,,,,,,,,,,,,,,,,,,,,,,,,,,,,,,,,,,,,,,,,,
HIV diagnoses,2020 (COVID-19 Pandemic),"Shasta County, CA",6089,Data suppressed,Data suppressed,,,,,,,,,,,,,,,,,,,,,,,,,,,,,,,,,,,,,,,,,,,,,,,,,,,,,
HIV diagnoses,2020 (COVID-19 Pandemic),"Sierra County, CA",6091,0,0.0,,,,,,,,,,,,,,,,,,,,,,,,,,,,,,,,,,,,,,,,,,,,,,,,,,,,,
HIV diagnoses,2020 (COVID-19 Pandemic),"Siskiyou County, CA",6093,Data suppressed,Data suppressed,,,,,,,,,,,,,,,,,,,,,,,,,,,,,,,,,,,,,,,,,,,,,,,,,,,,,
HIV diagnoses,2020 (COVID-19 Pandemic),"Solano County, CA",6095,50,13.1,,,,,,,,,,,,,,,,,,,,,,,,,,,,,,,,,,,,,,,,,,,,,,,,,,,,,
HIV diagnoses,2020 (COVID-19 Pandemic),"Sonoma County, CA",6097,37,8.7,,,,,,,,,,,,,,,,,,,,,,,,,,,,,,,,,,,,,,,,,,,,,,,,,,,,,
HIV diagnoses,2020 (COVID-19 Pandemic),"Stanislaus County, CA",6099,28,6.2,,,,,,,,,,,,,,,,,,,,,,,,,,,,,,,,,,,,,,,,,,,,,,,,,,,,,
HIV diagnoses,2020 (COVID-19 Pandemic),"Sutter County, CA",6101,8,9.8,,,,,,,,,,,,,,,,,,,,,,,,,,,,,,,,,,,,,,,,,,,,,,,,,,,,,
HIV diagnoses,2020 (COVID-19 Pandemic),"Tehama County, CA",6103,Data suppressed,Data suppressed,,,,,,,,,,,,,,,,,,,,,,,,,,,,,,,,,,,,,,,,,,,,,,,,,,,,,
HIV diagnoses,2020 (COVID-19 Pandemic),"Trinity County, CA",6105,0,0.0,,,,,,,,,,,,,,,,,,,,,,,,,,,,,,,,,,,,,,,,,,,,,,,,,,,,,
HIV diagnoses,2020 (COVID-19 Pandemic),"Tulare County, CA",6107,31,8.3,,,,,,,,,,,,,,,,,,,,,,,,,,,,,,,,,,,,,,,,,,,,,,,,,,,,,
HIV diagnoses,2020 (COVID-19 Pandemic),"Tuolumne County, CA",6109,0,0.0,,,,,,,,,,,,,,,,,,,,,,,,,,,,,,,,,,,,,,,,,,,,,,,,,,,,,
HIV diagnoses,2020 (COVID-19 Pandemic),"Ventura County, CA",6111,60,8.4,,,,,,,,,,,,,,,,,,,,,,,,,,,,,,,,,,,,,,,,,,,,,,,,,,,,,
HIV diagnoses,2020 (COVID-19 Pandemic),"Yolo County, CA",6113,10,5.4,,,,,,,,,,,,,,,,,,,,,,,,,,,,,,,,,,,,,,,,,,,,,,,,,,,,,
HIV diagnoses,2020 (COVID-19 Pandemic),"Yuba County, CA",6115,Data suppressed,Data suppressed,,,,,,,,,,,,,,,,,,,,,,,,,,,,,,,,,,,,,,,,,,,,,,,,,,,,,
HIV diagnoses,2019,"Alameda County, CA",6001,219,15.4,,,,,,,,,,,,,,,,,,,,,,,,,,,,,,,,,,,,,,,,,,,,,,,,,,,,,
HIV diagnoses,2019,"Alpine County, CA",6003,0,0.0,,,,,,,,,,,,,,,,,,,,,,,,,,,,,,,,,,,,,,,,,,,,,,,,,,,,,
HIV diagnoses,2019,"Amador County, CA",6005,0,0.0,,,,,,,,,,,,,,,,,,,,,,,,,,,,,,,,,,,,,,,,,,,,,,,,,,,,,
HIV diagnoses,2019,"Butte County, CA",6007,10,5.3,,,,,,,,,,,,,,,,,,,,,,,,,,,,,,,,,,,,,,,,,,,,,,,,,,,,,
HIV diagnoses,2019,"Calaveras County, CA",6009,Data suppressed,Data suppressed,,,,,,,,,,,,,,,,,,,,,,,,,,,,,,,,,,,,,,,,,,,,,,,,,,,,,
HIV diagnoses,2019,"Colusa County, CA",6011,5,28.8,,,,,,,,,,,,,,,,,,,,,,,,,,,,,,,,,,,,,,,,,,,,,,,,,,,,,
HIV diagnoses,2019,"Contra Costa County, CA",6013,98,10.1,,,,,,,,,,,,,,,,,,,,,,,,,,,,,,,,,,,,,,,,,,,,,,,,,,,,,
HIV diagnoses,2019,"Del Norte County, CA",6015,0,0.0,,,,,,,,,,,,,,,,,,,,,,,,,,,,,,,,,,,,,,,,,,,,,,,,,,,,,
HIV diagnoses,2019,"El Dorado County, CA",6017,6,3.6,,,,,,,,,,,,,,,,,,,,,,,,,,,,,,,,,,,,,,,,,,,,,,,,,,,,,
HIV diagnoses,2019,"Fresno County, CA",6019,115,14.5,,,,,,,,,,,,,,,,,,,,,,,,,,,,,,,,,,,,,,,,,,,,,,,,,,,,,
HIV diagnoses,2019,"Glenn County, CA",6021,0,0.0,,,,,,,,,,,,,,,,,,,,,,,,,,,,,,,,,,,,,,,,,,,,,,,,,,,,,
HIV diagnoses,2019,"Humboldt County, CA",6023,6,5.1,,,,,,,,,,,,,,,,,,,,,,,,,,,,,,,,,,,,,,,,,,,,,,,,,,,,,
HIV diagnoses,2019,"Imperial County, CA",6025,30,21.0,,,,,,,,,,,,,,,,,,,,,,,,,,,,,,,,,,,,,,,,,,,,,,,,,,,,,
HIV diagnoses,2019,"Inyo County, CA",6027,0,0.0,,,,,,,,,,,,,,,,,,,,,,,,,,,,,,,,,,,,,,,,,,,,,,,,,,,,,
HIV diagnoses,2019,"Kern County, CA",6029,181,25.4,,,,,,,,,,,,,,,,,,,,,,,,,,,,,,,,,,,,,,,,,,,,,,,,,,,,,
HIV diagnoses,2019,"Kings County, CA",6031,9,7.4,,,,,,,,,,,,,,,,,,,,,,,,,,,,,,,,,,,,,,,,,,,,,,,,,,,,,
HIV diagnoses,2019,"Lake County, CA",6033,Data suppressed,Data suppressed,,,,,,,,,,,,,,,,,,,,,,,,,,,,,,,,,,,,,,,,,,,,,,,,,,,,,
HIV diagnoses,2019,"Lassen County, CA",6035,0,0.0,,,,,,,,,,,,,,,,,,,,,,,,,,,,,,,,,,,,,,,,,,,,,,,,,,,,,
HIV diagnoses,2019,"Los Angeles County, CA",6037,"1,590",18.8,,,,,,,,,,,,,,,,,,,,,,,,,,,,,,,,,,,,,,,,,,,,,,,,,,,,,
HIV diagnoses,2019,"Madera County, CA",6039,7,5.6,,,,,,,,,,,,,,,,,,,,,,,,,,,,,,,,,,,,,,,,,,,,,,,,,,,,,
HIV diagnoses,2019,"Marin County, CA",6041,13,5.8,,,,,,,,,,,,,,,,,,,,,,,,,,,,,,,,,,,,,,,,,,,,,,,,,,,,,
HIV diagnoses,2019,"Mariposa County, CA",6043,0,0.0,,,,,,,,,,,,,,,,,,,,,,,,,,,,,,,,,,,,,,,,,,,,,,,,,,,,,
HIV diagnoses,2019,"Mendocino County, CA",6045,Data suppressed,Data suppressed,,,,,,,,,,,,,,,,,,,,,,,,,,,,,,,,,,,,,,,,,,,,,,,,,,,,,
HIV diagnoses,2019,"Merced County, CA",6047,27,12.3,,,,,,,,,,,,,,,,,,,,,,,,,,,,,,,,,,,,,,,,,,,,,,,,,,,,,
HIV diagnoses,2019,"Modoc County, CA",6049,0,0.0,,,,,,,,,,,,,,,,,,,,,,,,,,,,,,,,,,,,,,,,,,,,,,,,,,,,,
HIV diagnoses,2019,"Mono County, CA",6051,0,0.0,,,,,,,,,,,,,,,,,,,,,,,,,,,,,,,,,,,,,,,,,,,,,,,,,,,,,
HIV diagnoses,2019,"Monterey County, CA",6053,28,8.0,,,,,,,,,,,,,,,,,,,,,,,,,,,,,,,,,,,,,,,,,,,,,,,,,,,,,
HIV diagnoses,2019,"Napa County, CA",6055,11,9.3,,,,,,,,,,,,,,,,,,,,,,,,,,,,,,,,,,,,,,,,,,,,,,,,,,,,,
HIV diagnoses,2019,"Nevada County, CA",6057,6,6.8,,,,,,,,,,,,,,,,,,,,,,,,,,,,,,,,,,,,,,,,,,,,,,,,,,,,,
HIV diagnoses,2019,"Orange County, CA",6059,245,9.1,,,,,,,,,,,,,,,,,,,,,,,,,,,,,,,,,,,,,,,,,,,,,,,,,,,,,
HIV diagnoses,2019,"Placer County, CA",6061,13,3.9,,,,,,,,,,,,,,,,,,,,,,,,,,,,,,,,,,,,,,,,,,,,,,,,,,,,,
HIV diagnoses,2019,"Plumas County, CA",6063,Data suppressed,Data suppressed,,,,,,,,,,,,,,,,,,,,,,,,,,,,,,,,,,,,,,,,,,,,,,,,,,,,,
HIV diagnoses,2019,"Riverside County, CA",6065,268,13.2,,,,,,,,,,,,,,,,,,,,,,,,,,,,,,,,,,,,,,,,,,,,,,,,,,,,,
HIV diagnoses,2019,"Sacramento County, CA",6067,166,12.9,,,,,,,,,,,,,,,,,,,,,,,,,,,,,,,,,,,,,,,,,,,,,,,,,,,,,
HIV diagnoses,2019,"San Benito County, CA",6069,Data suppressed,Data suppressed,,,,,,,,,,,,,,,,,,,,,,,,,,,,,,,,,,,,,,,,,,,,,,,,,,,,,
HIV diagnoses,2019,"San Bernardino County, CA",6071,298,16.8,,,,,,,,,,,,,,,,,,,,,,,,,,,,,,,,,,,,,,,,,,,,,,,,,,,,,
HIV diagnoses,2019,"San Diego County, CA",6073,407,14.5,,,,,,,,,,,,,,,,,,,,,,,,,,,,,,,,,,,,,,,,,,,,,,,,,,,,,
HIV diagnoses,2019,"San Francisco County, CA",6075,210,26.6,,,,,,,,,,,,,,,,,,,,,,,,,,,,,,,,,,,,,,,,,,,,,,,,,,,,,
HIV diagnoses,2019,"San Joaquin County, CA",6077,75,12.2,,,,,,,,,,,,,,,,,,,,,,,,,,,,,,,,,,,,,,,,,,,,,,,,,,,,,
HIV diagnoses,2019,"San Luis Obispo County, CA",6079,15,6.1,,,,,,,,,,,,,,,,,,,,,,,,,,,,,,,,,,,,,,,,,,,,,,,,,,,,,
HIV diagnoses,2019,"San Mateo County, CA",6081,54,8.3,,,,,,,,,,,,,,,,,,,,,,,,,,,,,,,,,,,,,,,,,,,,,,,,,,,,,
HIV diagnoses,2019,"Santa Barbara County, CA",6083,37,9.9,,,,,,,,,,,,,,,,,,,,,,,,,,,,,,,,,,,,,,,,,,,,,,,,,,,,,
HIV diagnoses,2019,"Santa Clara County, CA",6085,160,9.8,,,,,,,,,,,,,,,,,,,,,,,,,,,,,,,,,,,,,,,,,,,,,,,,,,,,,
HIV diagnoses,2019,"Santa Cruz County, CA",6087,15,6.3,,,,,,,,,,,,,,,,,,,,,,,,,,,,,,,,,,,,,,,,,,,,,,,,,,,,,
HIV diagnoses,2019,"Shasta County, CA",6089,7,4.6,,,,,,,,,,,,,,,,,,,,,,,,,,,,,,,,,,,,,,,,,,,,,,,,,,,,,
HIV diagnoses,2019,"Sierra County, CA",6091,0,0.0,,,,,,,,,,,,,,,,,,,,,,,,,,,,,,,,,,,,,,,,,,,,,,,,,,,,,
HIV diagnoses,2019,"Siskiyou County, CA",6093,0,0.0,,,,,,,,,,,,,,,,,,,,,,,,,,,,,,,,,,,,,,,,,,,,,,,,,,,,,
HIV diagnoses,2019,"Solano County, CA",6095,40,10.6,,,,,,,,,,,,,,,,,,,,,,,,,,,,,,,,,,,,,,,,,,,,,,,,,,,,,
HIV diagnoses,2019,"Sonoma County, CA",6097,24,5.6,,,,,,,,,,,,,,,,,,,,,,,,,,,,,,,,,,,,,,,,,,,,,,,,,,,,,
HIV diagnoses,2019,"Stanislaus County, CA",6099,40,9.0,,,,,,,,,,,,,,,,,,,,,,,,,,,,,,,,,,,,,,,,,,,,,,,,,,,,,
HIV diagnoses,2019,"Sutter County, CA",6101,8,10.1,,,,,,,,,,,,,,,,,,,,,,,,,,,,,,,,,,,,,,,,,,,,,,,,,,,,,
HIV diagnoses,2019,"Tehama County, CA",6103,0,0.0,,,,,,,,,,,,,,,,,,,,,,,,,,,,,,,,,,,,,,,,,,,,,,,,,,,,,
HIV diagnoses,2019,"Trinity County, CA",6105,Data suppressed,Data suppressed,,,,,,,,,,,,,,,,,,,,,,,,,,,,,,,,,,,,,,,,,,,,,,,,,,,,,
HIV diagnoses,2019,"Tulare County, CA",6107,33,9.1,,,,,,,,,,,,,,,,,,,,,,,,,,,,,,,,,,,,,,,,,,,,,,,,,,,,,
HIV diagnoses,2019,"Tuolumne County, CA",6109,Data suppressed,Data suppressed,,,,,,,,,,,,,,,,,,,,,,,,,,,,,,,,,,,,,,,,,,,,,,,,,,,,,
HIV diagnoses,2019,"Ventura County, CA",6111,47,6.6,,,,,,,,,,,,,,,,,,,,,,,,,,,,,,,,,,,,,,,,,,,,,,,,,,,,,
HIV diagnoses,2019,"Yolo County, CA",6113,21,11.2,,,,,,,,,,,,,,,,,,,,,,,,,,,,,,,,,,,,,,,,,,,,,,,,,,,,,
HIV diagnoses,2019,"Yuba County, CA",6115,Data suppressed,Data suppressed,,,,,,,,,,,,,,,,,,,,,,,,,,,,,,,,,,,,,,,,,,,,,,,,,,,,,
HIV diagnoses,2018,"Alameda County, CA",6001,203,14.3,,,,,,,,,,,,,,,,,,,,,,,,,,,,,,,,,,,,,,,,,,,,,,,,,,,,,
HIV diagnoses,2018,"Alpine County, CA",6003,0,0.0,,,,,,,,,,,,,,,,,,,,,,,,,,,,,,,,,,,,,,,,,,,,,,,,,,,,,
HIV diagnoses,2018,"Amador County, CA",6005,Data suppressed,Data suppressed,,,,,,,,,,,,,,,,,,,,,,,,,,,,,,,,,,,,,,,,,,,,,,,,,,,,,
HIV diagnoses,2018,"Butte County, CA",6007,10,5.1,,,,,,,,,,,,,,,,,,,,,,,,,,,,,,,,,,,,,,,,,,,,,,,,,,,,,
HIV diagnoses,2018,"Calaveras County, CA",6009,Data suppressed,Data suppressed,,,,,,,,,,,,,,,,,,,,,,,,,,,,,,,,,,,,,,,,,,,,,,,,,,,,,
HIV diagnoses,2018,"Colusa County, CA",6011,Data suppressed,Data suppressed,,,,,,,,,,,,,,,,,,,,,,,,,,,,,,,,,,,,,,,,,,,,,,,,,,,,,
HIV diagnoses,2018,"Contra Costa County, CA",6013,113,11.7,,,,,,,,,,,,,,,,,,,,,,,,,,,,,,,,,,,,,,,,,,,,,,,,,,,,,
HIV diagnoses,2018,"Del Norte County, CA",6015,0,0.0,,,,,,,,,,,,,,,,,,,,,,,,,,,,,,,,,,,,,,,,,,,,,,,,,,,,,
HIV diagnoses,2018,"El Dorado County, CA",6017,5,3.0,,,,,,,,,,,,,,,,,,,,,,,,,,,,,,,,,,,,,,,,,,,,,,,,,,,,,
HIV diagnoses,2018,"Fresno County, CA",6019,107,13.6,,,,,,,,,,,,,,,,,,,,,,,,,,,,,,,,,,,,,,,,,,,,,,,,,,,,,
HIV diagnoses,2018,"Glenn County, CA",6021,Data suppressed,Data suppressed,,,,,,,,,,,,,,,,,,,,,,,,,,,,,,,,,,,,,,,,,,,,,,,,,,,,,
HIV diagnoses,2018,"Humboldt County, CA",6023,12,10.2,,,,,,,,,,,,,,,,,,,,,,,,,,,,,,,,,,,,,,,,,,,,,,,,,,,,,
HIV diagnoses,2018,"Imperial County, CA",6025,34,23.8,,,,,,,,,,,,,,,,,,,,,,,,,,,,,,,,,,,,,,,,,,,,,,,,,,,,,
HIV diagnoses,2018,"Inyo County, CA",6027,Data suppressed,Data suppressed,,,,,,,,,,,,,,,,,,,,,,,,,,,,,,,,,,,,,,,,,,,,,,,,,,,,,
HIV diagnoses,2018,"Kern County, CA",6029,152,21.5,,,,,,,,,,,,,,,,,,,,,,,,,,,,,,,,,,,,,,,,,,,,,,,,,,,,,
HIV diagnoses,2018,"Kings County, CA",6031,10,8.3,,,,,,,,,,,,,,,,,,,,,,,,,,,,,,,,,,,,,,,,,,,,,,,,,,,,,
HIV diagnoses,2018,"Lake County, CA",6033,Data suppressed,Data suppressed,,,,,,,,,,,,,,,,,,,,,,,,,,,,,,,,,,,,,,,,,,,,,,,,,,,,,
HIV diagnoses,2018,"Lassen County, CA",6035,0,0.0,,,,,,,,,,,,,,,,,,,,,,,,,,,,,,,,,,,,,,,,,,,,,,,,,,,,,
HIV diagnoses,2018,"Los Angeles County, CA",6037,"1,736",20.4,,,,,,,,,,,,,,,,,,,,,,,,,,,,,,,,,,,,,,,,,,,,,,,,,,,,,
HIV diagnoses,2018,"Madera County, CA",6039,15,12.0,,,,,,,,,,,,,,,,,,,,,,,,,,,,,,,,,,,,,,,,,,,,,,,,,,,,,
HIV diagnoses,2018,"Marin County, CA",6041,21,9.4,,,,,,,,,,,,,,,,,,,,,,,,,,,,,,,,,,,,,,,,,,,,,,,,,,,,,
HIV diagnoses,2018,"Mariposa County, CA",6043,Data suppressed,Data suppressed,,,,,,,,,,,,,,,,,,,,,,,,,,,,,,,,,,,,,,,,,,,,,,,,,,,,,
HIV diagnoses,2018,"Mendocino County, CA",6045,5,6.8,,,,,,,,,,,,,,,,,,,,,,,,,,,,,,,,,,,,,,,,,,,,,,,,,,,,,
HIV diagnoses,2018,"Merced County, CA",6047,28,13.0,,,,,,,,,,,,,,,,,,,,,,,,,,,,,,,,,,,,,,,,,,,,,,,,,,,,,
HIV diagnoses,2018,"Modoc County, CA",6049,0,0.0,,,,,,,,,,,,,,,,,,,,,,,,,,,,,,,,,,,,,,,,,,,,,,,,,,,,,
HIV diagnoses,2018,"Mono County, CA",6051,0,0.0,,,,,,,,,,,,,,,,,,,,,,,,,,,,,,,,,,,,,,,,,,,,,,,,,,,,,
HIV diagnoses,2018,"Monterey County, CA",6053,43,12.3,,,,,,,,,,,,,,,,,,,,,,,,,,,,,,,,,,,,,,,,,,,,,,,,,,,,,
HIV diagnoses,2018,"Napa County, CA",6055,8,6.7,,,,,,,,,,,,,,,,,,,,,,,,,,,,,,,,,,,,,,,,,,,,,,,,,,,,,
HIV diagnoses,2018,"Nevada County, CA",6057,Data suppressed,Data suppressed,,,,,,,,,,,,,,,,,,,,,,,,,,,,,,,,,,,,,,,,,,,,,,,,,,,,,
HIV diagnoses,2018,"Orange County, CA",6059,287,10.7,,,,,,,,,,,,,,,,,,,,,,,,,,,,,,,,,,,,,,,,,,,,,,,,,,,,,
HIV diagnoses,2018,"Placer County, CA",6061,10,3.0,,,,,,,,,,,,,,,,,,,,,,,,,,,,,,,,,,,,,,,,,,,,,,,,,,,,,
HIV diagnoses,2018,"Plumas County, CA",6063,0,0.0,,,,,,,,,,,,,,,,,,,,,,,,,,,,,,,,,,,,,,,,,,,,,,,,,,,,,
HIV diagnoses,2018,"Riverside County, CA",6065,263,13.1,,,,,,,,,,,,,,,,,,,,,,,,,,,,,,,,,,,,,,,,,,,,,,,,,,,,,
HIV diagnoses,2018,"Sacramento County, CA",6067,180,14.1,,,,,,,,,,,,,,,,,,,,,,,,,,,,,,,,,,,,,,,,,,,,,,,,,,,,,
HIV diagnoses,2018,"San Benito County, CA",6069,Data suppressed,Data suppressed,,,,,,,,,,,,,,,,,,,,,,,,,,,,,,,,,,,,,,,,,,,,,,,,,,,,,
HIV diagnoses,2018,"San Bernardino County, CA",6071,263,15.0,,,,,,,,,,,,,,,,,,,,,,,,,,,,,,,,,,,,,,,,,,,,,,,,,,,,,
HIV diagnoses,2018,"San Diego County, CA",6073,390,13.9,,,,,,,,,,,,,,,,,,,,,,,,,,,,,,,,,,,,,,,,,,,,,,,,,,,,,
HIV diagnoses,2018,"San Francisco County, CA",6075,237,30.0,,,,,,,,,,,,,,,,,,,,,,,,,,,,,,,,,,,,,,,,,,,,,,,,,,,,,
HIV diagnoses,2018,"San Joaquin County, CA",6077,67,11.0,,,,,,,,,,,,,,,,,,,,,,,,,,,,,,,,,,,,,,,,,,,,,,,,,,,,,
HIV diagnoses,2018,"San Luis Obispo County, CA",6079,15,6.1,,,,,,,,,,,,,,,,,,,,,,,,,,,,,,,,,,,,,,,,,,,,,,,,,,,,,
HIV diagnoses,2018,"San Mateo County, CA",6081,61,9.3,,,,,,,,,,,,,,,,,,,,,,,,,,,,,,,,,,,,,,,,,,,,,,,,,,,,,
HIV diagnoses,2018,"Santa Barbara County, CA",6083,30,8.0,,,,,,,,,,,,,,,,,,,,,,,,,,,,,,,,,,,,,,,,,,,,,,,,,,,,,
HIV diagnoses,2018,"Santa Clara County, CA",6085,167,10.3,,,,,,,,,,,,,,,,,,,,,,,,,,,,,,,,,,,,,,,,,,,,,,,,,,,,,
HIV diagnoses,2018,"Santa Cruz County, CA",6087,13,5.5,,,,,,,,,,,,,,,,,,,,,,,,,,,,,,,,,,,,,,,,,,,,,,,,,,,,,
HIV diagnoses,2018,"Shasta County, CA",6089,7,4.6,,,,,,,,,,,,,,,,,,,,,,,,,,,,,,,,,,,,,,,,,,,,,,,,,,,,,
HIV diagnoses,2018,"Sierra County, CA",6091,0,0.0,,,,,,,,,,,,,,,,,,,,,,,,,,,,,,,,,,,,,,,,,,,,,,,,,,,,,
HIV diagnoses,2018,"Siskiyou County, CA",6093,Data suppressed,Data suppressed,,,,,,,,,,,,,,,,,,,,,,,,,,,,,,,,,,,,,,,,,,,,,,,,,,,,,
HIV diagnoses,2018,"Solano County, CA",6095,46,12.3,,,,,,,,,,,,,,,,,,,,,,,,,,,,,,,,,,,,,,,,,,,,,,,,,,,,,
HIV diagnoses,2018,"Sonoma County, CA",6097,33,7.7,,,,,,,,,,,,,,,,,,,,,,,,,,,,,,,,,,,,,,,,,,,,,,,,,,,,,
HIV diagnoses,2018,"Stanislaus County, CA",6099,61,13.8,,,,,,,,,,,,,,,,,,,,,,,,,,,,,,,,,,,,,,,,,,,,,,,,,,,,,
HIV diagnoses,2018,"Sutter County, CA",6101,9,11.5,,,,,,,,,,,,,,,,,,,,,,,,,,,,,,,,,,,,,,,,,,,,,,,,,,,,,
HIV diagnoses,2018,"Tehama County, CA",6103,Data suppressed,Data suppressed,,,,,,,,,,,,,,,,,,,,,,,,,,,,,,,,,,,,,,,,,,,,,,,,,,,,,
HIV diagnoses,2018,"Trinity County, CA",6105,0,0.0,,,,,,,,,,,,,,,,,,,,,,,,,,,,,,,,,,,,,,,,,,,,,,,,,,,,,
HIV diagnoses,2018,"Tulare County, CA",6107,50,13.8,,,,,,,,,,,,,,,,,,,,,,,,,,,,,,,,,,,,,,,,,,,,,,,,,,,,,
HIV diagnoses,2018,"Tuolumne County, CA",6109,Data suppressed,Data suppressed,,,,,,,,,,,,,,,,,,,,,,,,,,,,,,,,,,,,,,,,,,,,,,,,,,,,,
HIV diagnoses,2018,"Ventura County, CA",6111,54,7.6,,,,,,,,,,,,,,,,,,,,,,,,,,,,,,,,,,,,,,,,,,,,,,,,,,,,,
HIV diagnoses,2018,"Yolo County, CA",6113,21,11.2,,,,,,,,,,,,,,,,,,,,,,,,,,,,,,,,,,,,,,,,,,,,,,,,,,,,,
HIV diagnoses,2018,"Yuba County, CA",6115,Data suppressed,Data suppressed,,,,,,,,,,,,,,,,,,,,,,,,,,,,,,,,,,,,,,,,,,,,,,,,,,,,,